1,NG-KD-1001-0004,Rafin Tabo- CMP,100000001,Admin: Advert and Promotion,C-1000000001,Nestle,2348069599816,,,,,,,,,,,,,,,,,,,Admin: Advert and Promotion
2,NG-KD-1001-0006,Galadima- CMP,100000002,Admin: Audit,C-1000000002,Creative Farms,2348069599816,,,,,,,,,,,,,,,,,,,Admin: Audit
3,NG-KD-1001-0008,Anchau- CMP,100000003,Admin: Bank Charge,C-1000000003,Alao Farm,2348069599816,,,,,,,,,,,,,,,,,,,Admin: Bank Charge
4,NG-KD-1001-0009,Dan Damisa- CMP,100000004,Admin: Consultant,C-1000000004,Fola Afe,2348069599816,,,,,,,,,,,,,,,,,,,Admin: Consultant
5,NG-KD-1001-0011,Gazara- CMP,100000005,Admin: Permit,C-1000000005,Iroko Farm,2348069599816,,,,,,,,,,,,,,,,,,,Admin: Permit
6,NG-KD-1001-0012,Gedage- CMP,100000006,Admin:Cleaning Supplies,C-1000000006,Nation Feeders,2348069599816,,,,,,,,,,,,,,,,,,,Admin:Cleaning Supplies
7,NG-KD-1001-0026,Maigadi- CMP,100000007,Admin:Cooking Gas,C-1000000007,Ocean Venture,2348069599816,,,,,,,,,,,,,,,,,,,Admin:Cooking Gas
8,NG-KD-1001-0028,Tudun Wada- CMP,100000008,Admin:Entertainment,C-1000000008,Soleace and Moxie,2348069599816,,,,,,,,,,,,,,,,,,,Admin:Entertainment
9,NG-KD-1001-0030,Zaria- CMP,100000009,Admin:Food,C-1000000009,Tosam Farms,2348069599816,,,,,,,,,,,,,,,,,,,Admin:Food
10,NG-KD-1001-0031,Dandako - CMP,100000010,Admin:Gifts and Awards,C-1000000010,Infinity Snacks,2348069599816,,,,,,,,,,,,,,,,,,,Admin:Gifts and Awards
11,NG-KD-1001-0032,Doguwar - CMP,100000011,Admin:Other,C-1000000012,Jeokol Farms,2348069599816,,,,,,,,,,,,,,,,,,,Admin:Other
12,NG-KD-1001-0036,Kaya - CMP,100000012,Admin:Small Wares,C-1000000013,King Veritas Farms,2348069599816,,,,,,,,,,,,,,,,,,,Admin:Small Wares
13,NG-KD-1002-0014,kwasollo- CMP,100000013,Admin:Tax,C-1000000015,Mayor Farms,2348069599816,,,,,,,,,,,,,,,,,,,Admin:Tax
14,NG-KD-1002-0015,Maigana- CMP,100000014,Admin:Toiletries,C-1000000016,Stemafeed Farms Ltd.,2348069599816,,,,,,,,,,,,,,,,,,,Admin:Toiletries
15,NG-KD-1002-0018,Turawa- CMP,100000015,Admin:Water,C-1000000017,Muttaka Mohammed,2348069599816,,,,,,,,,,,,,,,,,,,Admin:Water
16,NG-KD-1002-0021,Gamagira- CMP,100000016,AgroChem:Aflasafe,C-1000000018,Yushau Haruna,2348069599816,,,,,,,,,,,,,,,,,,,AgroChem:Aflasafe
17,NG-KD-1002-0025,Kubau- CMP,100000017,AgroChem:Apron Star,C-1000000019,Dahiru Soba,2348069599816,,,,,,,,,,,,,,,,,,,AgroChem:Apron Star
18,NG-KD-1002-0029,Yelwa - Soba- CMP,100000018,AgroChem:Atrazine,C-1000000021,Mal Danladi Funtua,2348069599816,,,,,,,,,,,,,,,,,,,AgroChem:Atrazine
19,NG-KD-1002-0038,Pambeguwa - CMP,100000019,AgroChem:Buster,C-1000000022,Aliyu Abdullahi,2348069599816,,,,,,,,,,,,,,,,,,,AgroChem:Buster
20,NG-KD-1002-0039,Yankasai - CMP,100000020,AgroChem:Cardinal,C-1000000023,Isiya soba,2348069599816,,,,,,,,,,,,,,,,,,,AgroChem:Cardinal
21,NG-KN-1001-0019,Bebeji- CMP,100000021,AgroChem:Clot,C-1000000024,Alhaji Hassan Ba'awa,2348069599816,,,,,,,,,,,,,,,,,,,AgroChem:Clot
22,NG-KN-1001-0022,Gwarzo- CMP,100000022,AgroChem:Gramazone,C-1000000026,Shuaibu Yellow,2348069599816,,,,,,,,,,,,,,,,,,,AgroChem:Gramazone
23,NG-KN-1001-0023,Karaye- CMP,100000023,AgroChem:Innoculant,C-1000000027,Eniola Farms,2348069599816,,,,,,,,,,,,,,,,,,,AgroChem:Innoculant
24,NG-KN-1001-0024,Kiru - Kogo- CMP,100000024,AgroChem:Lagon,C-1000000028,Yahuza Abubakar,2348069599816,,,,,,,,,,,,,,,,,,,AgroChem:Lagon
25,NG-KN-1001-0027,Rogo- CMP,100000025,AgroChem:NoPest,C-1000000029,Alhaji Gambo,2348069599816,,,,,,,,,,,,,,,,,,,AgroChem:NoPest
26,NG-KN-1001-0033,Gadanya - CMP,100000026,AgroChem:Other,C-1000000030,Alhaji Salmanu Zaria,2348069599816,,,,,,,,,,,,,,,,,,,AgroChem:Other
27,NG-KN-1001-0034,Gozaki - CMP,100000027,AgroChem:PrimextraGold,C-1000000031,Mohammed Kabiru,2348069599816,,,,,,,,,,,,,,,,,,,AgroChem:PrimextraGold
28,NG-KN-1002-0020,Burumburum- CMP,100000028,AgroChem:Proteus,C-1000000032,Alhaji Ado,2348069599816,,,,,,,,,,,,,,,,,,,AgroChem:Proteus
29,NG-KN-1002-0035,Kadawa - CMP,100000029,AgroChem:Rainbow,C-1000000033,Fela Tudu,2348069599816,,,,,,,,,,,,,,,,,,,AgroChem:Rainbow
30,NG-KN-1002-0037,GORA- CMP,100000030,AgroChem:Sarosate,C-1000000034,Habibu Lawal,2348069599816,,,,,,,,,,,,,,,,,,,AgroChem:Sarosate
31,NG-KN-1002-0040,Kura - CMP,100000031,AgroChem:Solito,C-1000000035,Madaki Zaria KALE ENT.,2348069599816,,,,,,,,,,,,,,,,,,,AgroChem:Solito
32,NG-KN-1002-0041,Sabon kaura - CMP,100000032,AgroChem:Termakill,C-1000000036,Alasan Mohammed,2348069599816,,,,,,,,,,,,,,,,,,,AgroChem:Termakill
33,NG-KD-1001-000A,Ikara Store 1,100000033,AgroChem:Termex,C-1000000037,Shefadex Mill farms,2348069599816,,,,,,,,,,,,,,,,,,,AgroChem:Termex
34,NG-KD-1001-000B,Ikara Store 3,100000034,AgroChem:Weedoff,C-1000000038,Alhaji Salmanu Tukur,2348069599816,,,,,,,,,,,,,,,,,,,AgroChem:Weedoff
35,NG-KD-1001-000D,Makarfi Store 1,100000035,Produce:Cowpea-A(100kg),C-1000000039,Usman Yusuf,2348069599816,,,,,,,,,,,,,,,,,,,Produce:Cowpea-A(100kg)
36,NG-KD-1001-000E,Makarfi Store 2,100000036,Produce:Cowpea-A+(50kg),C-1000000040,Mukhtar Kano,2348069599816,,,,,,,,,,,,,,,,,,,Produce:Cowpea-A+(50kg)
37,NG-KD-1001-000F,Makarfi Store 3,100000037,Produce:Cowpea-B(100kg),C-1000000041,Ahmad Yusuf,2348069599816,,,,,,,,,,,,,,,,,,,Produce:Cowpea-B(100kg)
38,NG-KD-1001-000G,Makarfi Store 4,100000038,Produce:Cowpea-C(100kg),C-1000000042,Aliyu Mohammed Rabiu,2348069599816,,,,,,,,,,,,,,,,,,,Produce:Cowpea-C(100kg)
39,NG-KD-1001-000H,Saulawa Store,100000039,Produce:Maize-A+-White(50kg),C-1000000043,Auwal Abdulkareem,2348069599816,,,,,,,,,,,,,,,,,,,Produce:Maize-A+-White(50kg)
40,NG-KD-1001-000I,Yarikaffi Store,100000040,Produce:Maize-A+-Yellow(50kg),C-1000000044,AUWAN MULTIBIZ,2348069599816,,,,,,,,,,,,,,,,,,,Produce:Maize-A+-Yellow(50kg)
41,NG-KD-1001-000J,Zaria Big Store,100000041,Produce:Maize-A-White(100kg),C-1000000045,AZED OKOLOCHA INTEGRATED FARMS,2348069599816,,,,,,,,,,,,,,,,,,,Produce:Maize-A-White(100kg)
42,NG-KD-1001-000K,Zaria Store 1,100000042,Produce:Maize-A-Yellow(100kg),C-1000000046,Dan Marke Inv. Firm,2348069599816,,,,,,,,,,,,,,,,,,,Produce:Maize-A-Yellow(100kg)
43,NG-KD-1001-000L,Zaria Store 2,100000043,Produce:Maize-B-White(100kg),C-1000000047,Fahas Petroleum,2348069599816,,,,,,,,,,,,,,,,,,,Produce:Maize-B-White(100kg)
44,NG-KD-1001-000M,Zaria Store 3,100000044,Produce:Maize-B-Yellow(100kg),C-1000000048,Hamsad Investment,2348069599816,,,,,,,,,,,,,,,,,,,Produce:Maize-B-Yellow(100kg)
45,NG-KD-1002-000O,Kubau Store,100000045,Produce:Maize-C-White(100kg),C-1000000049,Ibrahim Nafiu,2348069599816,,,,,,,,,,,,,,,,,,,Produce:Maize-C-White(100kg)
46,NG-KD-1002-000P,Soba Store 1,100000046,Produce:Maize-C-Yellow(100kg),C-1000000050,Idris Abdulkadir,2348069599816,,,,,,,,,,,,,,,,,,,Produce:Maize-C-Yellow(100kg)
47,NG-KN-1001-000C,Kiru Store,100000047,Produce:Other,C-1000000051,Sani Soba Adamu,2348069599816,,,,,,,,,,,,,,,,,,,Produce:Other
48,NG-KN-1002-000N,Chiromawa Store 1,100000048,Produce:Rice-A(75kg),C-1000000052,Soba Motors,2348069599816,,,,,,,,,,,,,,,,,,,Produce:Rice-A(75kg)
49,NG-KD-1001-000Q,Makarfi Store 5 (Container),100000049,Produce:Rice-B(75kg),C-1000000053,SUN MARK GLOBAL LIMITED,2348069599816,,,,,,,,,,,,,,,,,,,Produce:Rice-B(75kg)
50,NG-KN-1002-000R,Chiromawa Store 2,100000050,Produce:Sorghum-A(100kg),C-1000000054,TRANSIT MUNAD VENTURES,2348069599816,,,,,,,,,,,,,,,,,,,Produce:Sorghum-A(100kg)
51,NG-KD-1002-000S,Soba Store 2,100000051,Produce:Sorghum-A+(50kg),C-1000000055,HARUNA ALIYU ADAMU,2348069599816,,,,,,,,,,,,,,,,,,,Produce:Sorghum-A+(50kg)
52,NG-TEST-1,Lagos Store 1,100000052,Produce:Sorghum-B(100kg),C-1000000056,Nasiru Yanus,2348069599816,,,,,,,,,,,,,,,,,,,Produce:Sorghum-B(100kg)
53,NG-TEST-2,Lagos Store 2,100000053,Produce:Sorghum-C-White(100kg),C-1000000057,Olam Nigeria,2348069599816,,,,,,,,,,,,,,,,,,,Produce:Sorghum-C-White(100kg)
54,NG-LMD-1,LMD Warehouse,100000054,Produce:Soybean-A(100kg),C-1000000058,Venund Cultivation,2348069599816,,,,,,,,,,,,,,,,,,,Produce:Soybean-A(100kg)
55,,,100000055,Produce:Soybean-A+(50kg),C-1000000059,Animal Care,2348069599816,,,,,,,,,,,,,,,,,,,Produce:Soybean-A+(50kg)
56,,,100000056,Produce:Soybean-B(100kg),C-1000000060,Forthworth,2348069599816,,,,,,,,,,,,,,,,,,,Produce:Soybean-B(100kg)
57,,,100000057,Produce:Soybean-C(100kg),C-1000000061,Amo Byng,2348069599816,,,,,,,,,,,,,,,,,,,Produce:Soybean-C(100kg)
58,,,100000058,Equipment: Engine Oil,C-IK000022-01,Yusuf Galadima,2348069599816,,,,,,,,,,,,,,,,,,,Equipment: Engine Oil
59,,,100000059,Equipment:2 Inch Corner Post,C-IK000023-01,Hajara Luka,2348069599816,,,,,,,,,,,,,,,,,,,Equipment:2 Inch Corner Post
60,,,100000060,Equipment:3 Inch Corner Post,C-IK000023-03,Ishaku Mati,2348069599816,,,,,,,,,,,,,,,,,,,Equipment:3 Inch Corner Post
61,,,100000061,Equipment:Angle Iron Post,C-IK000023-04,Mairo Haruna,2348069599816,,,,,,,,,,,,,,,,,,,Equipment:Angle Iron Post
62,,,100000062,Equipment:Bait Trap,C-IK000030-01,Haruna Mato,2348069599816,,,,,,,,,,,,,,,,,,,Equipment:Bait Trap
63,,,100000063,Equipment:Barbwire,C-IK000030-03,Ishaya Jarmai,2348069599816,,,,,,,,,,,,,,,,,,,Equipment:Barbwire
64,,,100000064,Equipment:Cement,C-IK000034-01,Dahiru Riga,2348069599816,,,,,,,,,,,,,,,,,,,Equipment:Cement
65,,,100000065,Equipment:Cocoon - 150MT,C-IK000108-01,Laazarus Bitrus,2348069599816,,,,,,,,,,,,,,,,,,,Equipment:Cocoon - 150MT
66,,,100000066,Equipment:Fencing Wire Mesh,C-IK000108-03,Dauda Bitrus,2348069599816,,,,,,,,,,,,,,,,,,,Equipment:Fencing Wire Mesh
67,,,100000067,Equipment:Gate,C-IK000184-01,Haruna Ishaya,2348069599816,,,,,,,,,,,,,,,,,,,Equipment:Gate
68,,,100000068,Equipment:Generator,C-IK000307-01,Isah Murtala,2348069599816,,,,,,,,,,,,,,,,,,,Equipment:Generator
69,,,100000069,Equipment:GPS Device,C-IK000529-01,Ephraim Agok,2348069599816,,,,,,,,,,,,,,,,,,,Equipment:GPS Device
70,,,100000070,Equipment:Laptop,C-IK000559-01,Yohanna Saidu,2348069599816,,,,,,,,,,,,,,,,,,,Equipment:Laptop
71,,,100000071,Equipment:Large Scale,C-IK000702-01,Saminu Yusuf,2348069599816,,,,,,,,,,,,,,,,,,,Equipment:Large Scale
72,,,100000072,Equipment:Magtoxin,C-IK001169-01,Kabiru Dauda,2348069599816,,,,,,,,,,,,,,,,,,,Equipment:Magtoxin
73,,,100000073,Equipment:Moisture Meter,C-IK001400-05,Suleiman Yahaya,2348069599816,,,,,,,,,,,,,,,,,,,Equipment:Moisture Meter
74,,,100000074,Equipment:Nylon,C-IK001448-01,Alh. Yahaya Salisu,2348069599816,,,,,,,,,,,,,,,,,,,Equipment:Nylon
75,,,100000075,Equipment:Other,C-IK001479-01,Tasiu Haruna,2348069599816,,,,,,,,,,,,,,,,,,,Equipment:Other
76,,,100000076,Equipment:Pallets,C-IK001828-01,Shamsudeen Yahaya,2348069599816,,,,,,,,,,,,,,,,,,,Equipment:Pallets
77,,,100000077,Equipment:Pest Control Chemical,C-IK001864-01,Hamisu Magaji,2348069599816,,,,,,,,,,,,,,,,,,,Equipment:Pest Control Chemical
78,,,100000078,Equipment:Phone,C-IK001910-01,Alasan Ibrahim,2348069599816,,,,,,,,,,,,,,,,,,,Equipment:Phone
79,,,100000079,Equipment:Printer,C-IK004554-03,Lurwanu Mustapha,2348069599816,,,,,,,,,,,,,,,,,,,Equipment:Printer
80,,,100000080,Equipment:Sand,C-IK005769-02,Sulaiman Husseini,2348069599816,,,,,,,,,,,,,,,,,,,Equipment:Sand
81,,,100000081,Equipment:Saw Dust,C-IK005910-02,Abdul'aziz Sani,2348069599816,,,,,,,,,,,,,,,,,,,Equipment:Saw Dust
82,,,100000082,Equipment:Sieve,C-IK008242-01,Yakubu Solomon,2348069599816,,,,,,,,,,,,,,,,,,,Equipment:Sieve
83,,,100000083,Equipment:Small Scale,C-IK009284-01,Mohammed Haruna Mohammed,2348069599816,,,,,,,,,,,,,,,,,,,Equipment:Small Scale
84,,,100000084,Equipment:Small Tools and Equipment,C-IK010235-01,Aliyu Halliru,2348069599816,,,,,,,,,,,,,,,,,,,Equipment:Small Tools and Equipment
85,,,100000085,Equipment:Small Wares,C-IK017387-01,Safayanu Samaila,2348069599816,,,,,,,,,,,,,,,,,,,Equipment:Small Wares
86,,,100000086,Equipment:Sprayer,C-IK020389-01,Bashir Sadiq,2348069599816,,,,,,,,,,,,,,,,,,,Equipment:Sprayer
87,,,100000087,Equipment:Tarpaulin - CMP,C-IK021681-01,Yusuf Bala,2348069599816,,,,,,,,,,,,,,,,,,,Equipment:Tarpaulin - CMP
88,,,100000088,Equipment:Tarpaulin - Fumigation,C-IK021681-02,Dogara Watson Danmaraya,2348069599816,,,,,,,,,,,,,,,,,,,Equipment:Tarpaulin - Fumigation
89,,,100000089,Equipment:Wheel Barrow,C-IK021709-01,Laiko Ibrahim,2348069599816,,,,,,,,,,,,,,,,,,,Equipment:Wheel Barrow
90,,,100000090,Equipment:Wire Mesh,C-IK021709-02,Ibrahim Garba,2348069599816,,,,,,,,,,,,,,,,,,,Equipment:Wire Mesh
91,,,100000091,Fertiliser:DAP,C-IK022636-02,Maryamu Murid,2348069599816,,,,,,,,,,,,,,,,,,,Fertiliser:DAP
92,,,100000092,Fertiliser:MOP,C-IK022636-03,Amina Samaila,2348069599816,,,,,,,,,,,,,,,,,,,Fertiliser:MOP
93,,,100000093,Fertiliser:SSP,C-IK045400-02,Au'wal Muazu,2348069599816,,,,,,,,,,,,,,,,,,,Fertiliser:SSP
94,,,100000094,Fertiliser:Urea,C-IK053625-02,Musa Harisu,2348069599816,,,,,,,,,,,,,,,,,,,Fertiliser:Urea
95,,,100000095,Fertiliser:TSP,Customer,Generic Customer,2348069599816,,,,,,,,,,,,,,,,,,,Fertiliser:TSP
96,,,100000096,Fuel:Generator,Field-CashnCarry,Generic Member CashnCarry,2348069599816,,,,,,,,,,,,,,,,,,,Fuel:Generator
97,,,100000097,Fuel:Motorcycle,Discard,Discard,2348069599816,,,,,,,,,,,,,,,,,,,Fuel:Motorcycle
98,,,100000098,Fuel:Other,,,2348069599816,,,,,,,,,,,,,,,,,,,Fuel:Other
99,,,100000099,Fuel:Vehicle,,,2348069599816,,,,,,,,,,,,,,,,,,,Fuel:Vehicle
100,,,100000100,Furniture and Fittings:Bed,,,2348069599816,,,,,,,,,,,,,,,,,,,Furniture and Fittings:Bed
101,,,100000101,Furniture and Fittings:Chair,,,2348069599816,,,,,,,,,,,,,,,,,,,Furniture and Fittings:Chair
102,,,100000102,Furniture and Fittings:Chairs,,,2348069599816,,,,,,,,,,,,,,,,,,,Furniture and Fittings:Chairs
103,,,100000103,Furniture and Fittings:Mattress,,,2348069599816,,,,,,,,,,,,,,,,,,,Furniture and Fittings:Mattress
104,,,100000104,Furniture and Fittings:Other,,,2348069599816,,,,,,,,,,,,,,,,,,,Furniture and Fittings:Other
105,,,100000105,Furniture and Fittings:Plastic Chairs,,,2348069599816,,,,,,,,,,,,,,,,,,,Furniture and Fittings:Plastic Chairs
106,,,100000106,Furniture and Fittings:Plastic Tables,,,2348069599816,,,,,,,,,,,,,,,,,,,Furniture and Fittings:Plastic Tables
107,,,100000107,Furniture and Fittings:Table,,,2348069599816,,,,,,,,,,,,,,,,,,,Furniture and Fittings:Table
108,,,100000108,Furniture and Fittings:Wardrobe,,,2348069599816,,,,,,,,,,,,,,,,,,,Furniture and Fittings:Wardrobe
109,,,100000109,Furniture and Fittings:Whiteboard,,,2348069599816,,,,,,,,,,,,,,,,,,,Furniture and Fittings:Whiteboard
110,,,100000110,Harvest Service: Needle,,,2348069599816,,,,,,,,,,,,,,,,,,,Harvest Service: Needle
111,,,100000111,Harvest Service: PICSBags,,,2348069599816,,,,,,,,,,,,,,,,,,,Harvest Service: PICSBags
112,,,100000112,Harvest Service: Thread,,,2348069599816,,,,,,,,,,,,,,,,,,,Harvest Service: Thread
113,,,100000113,HarvestService:Bags(100kg),,,2348069599816,,,,,,,,,,,,,,,,,,,HarvestService:Bags(100kg)
114,,,100000114,HarvestService:Bags(12.5kg),,,2348069599816,,,,,,,,,,,,,,,,,,,HarvestService:Bags(12.5kg)
115,,,100000115,HarvestService:Bags(50kg),,,2348069599816,,,,,,,,,,,,,,,,,,,HarvestService:Bags(50kg)
116,,,100000116,Information Technology:Internet Service,,,2348069599816,,,,,,,,,,,,,,,,,,,Information Technology:Internet Service
117,,,100000117,Information Technology:Other,,,2348069599816,,,,,,,,,,,,,,,,,,,Information Technology:Other
118,,,100000118,Information Technology:SMS,,,2348069599816,,,,,,,,,,,,,,,,,,,Information Technology:SMS
119,,,100000119,Information Technology:Software,,,2348069599816,,,,,,,,,,,,,,,,,,,Information Technology:Software
120,,,100000120,Information Technology:Telephone Service,,,2348069599816,,,,,,,,,,,,,,,,,,,Information Technology:Telephone Service
121,,,100000121,Information Technology:Website,,,2348069599816,,,,,,,,,,,,,,,,,,,Information Technology:Website
122,,,100000122,Insurance:Produce Price,,,2348069599816,,,,,,,,,,,,,,,,,,,Insurance:Produce Price
123,,,100000123,Insurance:Inventory,,,2348069599816,,,,,,,,,,,,,,,,,,,Insurance:Inventory
124,,,100000124,Insurance:Other,,,2348069599816,,,,,,,,,,,,,,,,,,,Insurance:Other
125,,,100000125,Insurance:Vehicle,,,2348069599816,,,,,,,,,,,,,,,,,,,Insurance:Vehicle
126,,,100000126,Insurance:Weather_Index,,,2348069599816,,,,,,,,,,,,,,,,,,,Insurance:Weather_Index
127,,,100000127,Insurance:Yield_Index,,,2348069599816,,,,,,,,,,,,,,,,,,,Insurance:Yield_Index
128,,,100000128,Interest Payment: FCMB (LXXXXXXX),,,2348069599816,,,,,,,,,,,,,,,,,,,Interest Payment: FCMB (LXXXXXXX)
129,,,100000129,Interest Payment: OTF (LXXXXXXX),,,2348069599816,,,,,,,,,,,,,,,,,,,Interest Payment: OTF (LXXXXXXX)
130,,,100000130,Labour:Agro Input Shipment - External,,,2348069599816,,,,,,,,,,,,,,,,,,,Labour:Agro Input Shipment - External
131,,,100000131,Labour:Agro Input Shipment - Internal,,,2348069599816,,,,,,,,,,,,,,,,,,,Labour:Agro Input Shipment - Internal
132,,,100000132,Labour:Cleaning - Produce,,,2348069599816,,,,,,,,,,,,,,,,,,,Labour:Cleaning - Produce
133,,,100000133,Labour:Cleaning - Seed,,,2348069599816,,,,,,,,,,,,,,,,,,,Labour:Cleaning - Seed
134,,,100000134,Labour:CMP,,,2348069599816,,,,,,,,,,,,,,,,,,,Labour:CMP
135,,,100000135,Labour:Cocoon Loading,,,2348069599816,,,,,,,,,,,,,,,,,,,Labour:Cocoon Loading
136,,,100000136,Labour:Produce Shipment - External,,,2348069599816,,,,,,,,,,,,,,,,,,,Labour:Produce Shipment - External
137,,,100000137,Labour:Produce Shipment - Internal,,,2348069599816,,,,,,,,,,,,,,,,,,,Labour:Produce Shipment - Internal
138,,,100000138,Labour:Fumigation,,,2348069599816,,,,,,,,,,,,,,,,,,,Labour:Fumigation
139,,,100000139,Labour:Input Distribution,,,2348069599816,,,,,,,,,,,,,,,,,,,Labour:Input Distribution
140,,,100000140,Labour:Last Mile Program,,,2348069599816,,,,,,,,,,,,,,,,,,,Labour:Last Mile Program
141,,,100000141,Labour:Other,,,2348069599816,,,,,,,,,,,,,,,,,,,Labour:Other
142,,,100000142,Field-Member Payment: Harrowing Advance,,,2348069599816,,,,,,,,,,,,,,,,,,,Field-Member Payment: Harrowing Advance
143,,,100000143,Member Payment:Future Bonus,,,2348069599816,,,,,,,,,,,,,,,,,,,Member Payment:Future Bonus
144,,,100000144,Member Payment:Harvest Advance,,,2348069599816,,,,,,,,,,,,,,,,,,,Member Payment:Harvest Advance
145,,,100000145,Member Payment:Other,,,2348069599816,,,,,,,,,,,,,,,,,,,Member Payment:Other
146,,,100000146,Member Training:Equipment,,,2348069599816,,,,,,,,,,,,,,,,,,,Member Training:Equipment
147,,,100000147,Member Training:Feeding,,,2348069599816,,,,,,,,,,,,,,,,,,,Member Training:Feeding
148,,,100000148,Member Training:Other,,,2348069599816,,,,,,,,,,,,,,,,,,,Member Training:Other
149,,,100000149,Motorcycle:Jing Cheng (JC110),,,2348069599816,,,,,,,,,,,,,,,,,,,Motorcycle:Jing Cheng (JC110)
150,,,100000150,Personnel Expense:Bonus,,,2348069599816,,,,,,,,,,,,,,,,,,,Personnel Expense:Bonus
151,,,100000151,Personnel Expense:Medical,,,2348069599816,,,,,,,,,,,,,,,,,,,Personnel Expense:Medical
152,,,100000152,Personnel Expense:NHF,,,2348069599816,,,,,,,,,,,,,,,,,,,Personnel Expense:NHF
153,,,100000153,Personnel Expense:Other,,,2348069599816,,,,,,,,,,,,,,,,,,,Personnel Expense:Other
154,,,100000154,Personnel Expense:Pension,,,2348069599816,,,,,,,,,,,,,,,,,,,Personnel Expense:Pension
155,,,100000155,Personnel Expense:Salary,,,2348069599816,,,,,,,,,,,,,,,,,,,Personnel Expense:Salary
156,,,100000156,Personnel Expense:Tax,,,2348069599816,,,,,,,,,,,,,,,,,,,Personnel Expense:Tax
157,,,100000157,Contract Personnel Expense:Bonus,,,2348069599816,,,,,,,,,,,,,,,,,,,Contract Personnel Expense:Bonus
158,,,100000158,Contract Personnel Expense:Medical,,,2348069599816,,,,,,,,,,,,,,,,,,,Contract Personnel Expense:Medical
159,,,100000159,Contract Personnel Expense:NHF,,,2348069599816,,,,,,,,,,,,,,,,,,,Contract Personnel Expense:NHF
160,,,100000160,Contract Personnel Expense:Other,,,2348069599816,,,,,,,,,,,,,,,,,,,Contract Personnel Expense:Other
161,,,100000161,Contract Personnel Expense:Pension,,,2348069599816,,,,,,,,,,,,,,,,,,,Contract Personnel Expense:Pension
162,,,100000162,Contract Personnel Expense:Salary,,,2348069599816,,,,,,,,,,,,,,,,,,,Contract Personnel Expense:Salary
163,,,100000163,Contract Personnel Expense:Tax,,,2348069599816,,,,,,,,,,,,,,,,,,,Contract Personnel Expense:Tax
164,,,100000164,Contract Personnel Expense:Transport,,,2348069599816,,,,,,,,,,,,,,,,,,,Contract Personnel Expense:Transport
165,,,100000165,Printing and Stationery:Biro,,,2348069599816,,,,,,,,,,,,,,,,,,,Printing and Stationery:Biro
166,,,100000166,Printing and Stationery:Catridges,,,2348069599816,,,,,,,,,,,,,,,,,,,Printing and Stationery:Catridges
167,,,100000167,Printing and Stationery:Files & Folders,,,2348069599816,,,,,,,,,,,,,,,,,,,Printing and Stationery:Files & Folders
168,,,100000168,Printing and Stationery:Flip Chart,,,2348069599816,,,,,,,,,,,,,,,,,,,Printing and Stationery:Flip Chart
169,,,100000169,Printing and Stationery:ID Cards,,,2348069599816,,,,,,,,,,,,,,,,,,,Printing and Stationery:ID Cards
170,,,100000170,Printing and Stationery:Markers,,,2348069599816,,,,,,,,,,,,,,,,,,,Printing and Stationery:Markers
171,,,100000171,Printing and Stationery:Masking Tape,,,2348069599816,,,,,,,,,,,,,,,,,,,Printing and Stationery:Masking Tape
172,,,100000172,Printing and Stationery:Notebook,,,2348069599816,,,,,,,,,,,,,,,,,,,Printing and Stationery:Notebook
173,,,100000173,Printing and Stationery:Other,,,2348069599816,,,,,,,,,,,,,,,,,,,Printing and Stationery:Other
174,,,100000174,Printing and Stationery:Paper,,,2348069599816,,,,,,,,,,,,,,,,,,,Printing and Stationery:Paper
175,,,100000175,Printing and Stationery:Photocopy,,,2348069599816,,,,,,,,,,,,,,,,,,,Printing and Stationery:Photocopy
176,,,100000176,Printing and Stationery:Pins and Staples,,,2348069599816,,,,,,,,,,,,,,,,,,,Printing and Stationery:Pins and Staples
177,,,100000177,Printing and Stationery:Printer Toner/Ink,,,2348069599816,,,,,,,,,,,,,,,,,,,Printing and Stationery:Printer Toner/Ink
178,,,100000178,Printing and Stationery:Printing,,,2348069599816,,,,,,,,,,,,,,,,,,,Printing and Stationery:Printing
179,,,100000180,Rent:CMP,,,2348069599816,,,,,,,,,,,,,,,,,,,Rent:CMP
180,,,100000181,Rent:Office,,,2348069599816,,,,,,,,,,,,,,,,,,,Rent:Office
181,,,100000182,Rent:Other,,,2348069599816,,,,,,,,,,,,,,,,,,,Rent:Other
182,,,100000183,Rent:Warehouse,,,2348069599816,,,,,,,,,,,,,,,,,,,Rent:Warehouse
183,,,100000184,Repairs and Maintenance:CMP,,,2348069599816,,,,,,,,,,,,,,,,,,,Repairs and Maintenance:CMP
184,,,100000185,Repairs and Maintenance:Cocoon,,,2348069599816,,,,,,,,,,,,,,,,,,,Repairs and Maintenance:Cocoon
185,,,100000186,Repairs and Maintenance:Generator,,,2348069599816,,,,,,,,,,,,,,,,,,,Repairs and Maintenance:Generator
186,,,100000187,Repairs and Maintenance:Motorcycle,,,2348069599816,,,,,,,,,,,,,,,,,,,Repairs and Maintenance:Motorcycle
187,,,100000188,Repairs and Maintenance:Office,,,2348069599816,,,,,,,,,,,,,,,,,,,Repairs and Maintenance:Office
188,,,100000189,Repairs and Maintenance:Other,,,2348069599816,,,,,,,,,,,,,,,,,,,Repairs and Maintenance:Other
189,,,100000190,Repairs and Maintenance:Vehicle,,,2348069599816,,,,,,,,,,,,,,,,,,,Repairs and Maintenance:Vehicle
190,,,100000191,Repairs and Maintenance:Warehouse,,,2348069599816,,,,,,,,,,,,,,,,,,,Repairs and Maintenance:Warehouse
191,,,100000192,Seed:Maize(SM15) - 12.5KG,,,2348069599816,,,,,,,,,,,,,,,,,,,Seed:Maize(SM15) - 12.5KG
192,,,100000193,Seed:Rice(Faro 44 Foundation) - 10KG,,,2348069599816,,,,,,,,,,,,,,,,,,,Seed:Rice(Faro 44 Foundation) - 10KG
193,,,100000194,Seed:Rice(Faro 44) - 10KG,,,2348069599816,,,,,,,,,,,,,,,,,,,Seed:Rice(Faro 44) - 10KG
194,,,100000195,Seed:SoyBean(TGX) - 10KG,,,2348069599816,,,,,,,,,,,,,,,,,,,Seed:SoyBean(TGX) - 10KG
195,,,100000196,Team Training:Equipment,,,2348069599816,,,,,,,,,,,,,,,,,,,Team Training:Equipment
196,,,100000197,Team Training:Feeding,,,2348069599816,,,,,,,,,,,,,,,,,,,Team Training:Feeding
197,,,100000198,Team Training:Other,,,2348069599816,,,,,,,,,,,,,,,,,,,Team Training:Other
198,,,100000199,Thresher :Maize - Rubber Roller,,,2348069599816,,,,,,,,,,,,,,,,,,,Thresher :Maize - Rubber Roller
199,,,100000200,Thresher :Maize - Blower,,,2348069599816,,,,,,,,,,,,,,,,,,,Thresher :Maize - Blower
200,,,100000201,Thresher :Maize (5TY-860),,,2348069599816,,,,,,,,,,,,,,,,,,,Thresher :Maize (5TY-860)
201,,,100000202,Thresher :Prime Mover - LIFAN 7HP gasoline engine,,,2348069599816,,,,,,,,,,,,,,,,,,,Thresher :Prime Mover - LIFAN 7HP gasoline engine
202,,,100000203,Thresher :Rice (5TGS-70),,,2348069599816,,,,,,,,,,,,,,,,,,,Thresher :Rice (5TGS-70)
203,,,100000204,Thresher :Thresher Belts,,,2348069599816,,,,,,,,,,,,,,,,,,,Thresher :Thresher Belts
204,,,100000205,Thresher Contractor:Harvest Services,,,2348069599816,,,,,,,,,,,,,,,,,,,Thresher Contractor:Harvest Services
205,,,100000206,Transport Contractor:Agro Input Shipment - External,,,2348069599816,,,,,,,,,,,,,,,,,,,Transport Contractor:Agro Input Shipment - External
206,,,100000207,Transport Contractor:Agro Input Shipment - Internal,,,2348069599816,,,,,,,,,,,,,,,,,,,Transport Contractor:Agro Input Shipment - Internal
207,,,100000208,Transport Contractor:Produce Shipment - External,,,2348069599816,,,,,,,,,,,,,,,,,,,Transport Contractor:Produce Shipment - External
208,,,100000209,Transport Contractor:Produce Shipment - Internal,,,2348069599816,,,,,,,,,,,,,,,,,,,Transport Contractor:Produce Shipment - Internal
209,,,100000210,Transport Contractor:Last Mile Program,,,2348069599816,,,,,,,,,,,,,,,,,,,Transport Contractor:Last Mile Program
210,,,100000211,Transport Contractor:Other,,,2348069599816,,,,,,,,,,,,,,,,,,,Transport Contractor:Other
211,,,100000212,Travel:Accommodation,,,2348069599816,,,,,,,,,,,,,,,,,,,Travel:Accommodation
212,,,100000213,Travel:Air Travel,,,2348069599816,,,,,,,,,,,,,,,,,,,Travel:Air Travel
213,,,100000214,Travel:Entertainment,,,2348069599816,,,,,,,,,,,,,,,,,,,Travel:Entertainment
214,,,100000215,Travel:Feeding,,,2348069599816,,,,,,,,,,,,,,,,,,,Travel:Feeding
215,,,100000216,Travel:Ground Transport,,,2348069599816,,,,,,,,,,,,,,,,,,,Travel:Ground Transport
216,,,100000217,Travel:Other,,,2348069599816,,,,,,,,,,,,,,,,,,,Travel:Other
217,,,100000218,Travel:Per Diem,,,2348069599816,,,,,,,,,,,,,,,,,,,Travel:Per Diem
218,,,100000219,Vehicle:Bus,,,2348069599816,,,,,,,,,,,,,,,,,,,Vehicle:Bus
219,,,100000220,Vehicle:Car,,,2348069599816,,,,,,,,,,,,,,,,,,,Vehicle:Car
220,,,100000221,Vehicle:Other,,,2348069599816,,,,,,,,,,,,,,,,,,,Vehicle:Other
221,,,100000222,Vehicle:Tractor,,,2348069599816,,,,,,,,,,,,,,,,,,,Vehicle:Tractor
222,,,100000223,Vehicle:Truck,,,2348069599816,,,,,,,,,,,,,,,,,,,Vehicle:Truck
223,,,100000224,Float,,,2348069599816,,,,,,,,,,,,,,,,,,,Float
224,,,100000225,Smile MiFi Device,,,2348069599816,,,,,,,,,,,,,,,,,,,Smile MiFi Device
225,,,100000226,Repairs and Maintenance:Hub,,,2348069599816,,,,,,,,,,,,,,,,,,,Repairs and Maintenance:Hub
226,,,100000227,Repairs and Maintenance:Thresher,,,2348069599816,,,,,,,,,,,,,,,,,,,Repairs and Maintenance:Thresher
227,,,100000228,Refund:Fertilizer Loan,,,2348069599816,,,,,,,,,,,,,,,,,,,Refund:Fertilizer Loan
228,,,100000229,Debt: Principal,,,2348069599816,,,,,,,,,,,,,,,,,,,Debt: Principal
229,,,100000230,Debt: Interest Expense,,,2348069599816,,,,,,,,,,,,,,,,,,,Debt: Interest Expense
230,,,100000231,Internal Transfer,,,2348069599816,,,,,,,,,,,,,,,,,,,Internal Transfer
231,,,100000232,Interest Income,,,2348069599816,,,,,,,,,,,,,,,,,,,Interest Income
232,,,100000233,Tax: Income Tax,,,2348069599816,,,,,,,,,,,,,,,,,,,Tax: Income Tax
233,,,100000234,Seed:Maize(SM15) - 100KG,,,2348069599816,,,,,,,,,,,,,,,,,,,Seed:Maize(SM15) - 100KG
234,,,100000235,FX Gain/Loss,,,2348069599816,,,,,,,,,,,,,,,,,,,FX Gain/Loss
235,,,100000236,Seed:Rice (Faro44) - 75KG,,,2348069599816,,,,,,,,,,,,,,,,,,,Seed:Rice (Faro44) - 75KG
236,,,100000237,Field-Member Fee:AdminFeeCost,,,2348069599816,,,,,,,,,,,,,,,,,,,Field-Member Fee:AdminFeeCost
237,,,100000238,Field-Member Fee:LogisticsFeeCost,,,2348069599816,,,,,,,,,,,,,,,,,,,Field-Member Fee:LogisticsFeeCost
238,,,100000239,Field-Member Fee:MgtFeeCost,,,2348069599816,,,,,,,,,,,,,,,,,,,Field-Member Fee:MgtFeeCost
239,,,100000240,Field-Harvest Service:CCAdminCost,,,2348069599816,,,,,,,,,,,,,,,,,,,Field-Harvest Service:CCAdminCost
240,,,100000241,Field-Transport Contractor:Harvest Services,,,2348069599816,,,,,,,,,,,,,,,,,,,Field-Transport Contractor:Harvest Services
241,,,100000243,Field-Member Transaction:MiscAccount,,,2348069599816,,,,,,,,,,,,,,,,,,,Field-Member Transaction:MiscAccount
242,,,100000244,Field-Member Transaction:Shared Debt,,,2348069599816,,,,,,,,,,,,,,,,,,,Field-Member Transaction:Shared Debt
243,,,100000245,Field-Member Fee:FarmAnalysis,,,2348069599816,,,,,,,,,,,,,,,,,,,Field-Member Fee:FarmAnalysis
244,,,100000246,Produce:Rice-C(75kg),,,2348069599816,,,,,,,,,,,,,,,,,,,Produce:Rice-C(75kg)
245,,,100000247,Debt: Member Deposit,,,2348069599816,,,,,,,,,,,,,,,,,,,Debt: Member Deposit
246,,,100000248,Revenue Unclassisfied,,,2348069599816,,,,,,,,,,,,,,,,,,,Revenue Unclassisfied
247,,,100000249,Expense Unclassisfied,,,2348069599816,,,,,,,,,,,,,,,,,,,Expense Unclassisfied
248,,,100000250,Refund: COGs Item,,,2348069599816,,,,,,,,,,,,,,,,,,,Refund: COGs Item
249,,,100000251,Refund: Non COGs Item,,,2348069599816,,,,,,,,,,,,,,,,,,,Refund: Non COGs Item
250,,,100000252,Grant ,,,2348069599816,,,,,,,,,,,,,,,,,,,Grant 
251,,,100000253,Seed:Rice(Faro 44 Foundation) - 1KG,,,2348069599816,,,,,,,,,,,,,,,,,,,Seed:Rice(Faro 44 Foundation) - 1KG
252,,,100000254,Fertiliser:Nagari NPK (20:10:10),,,2348069599816,,,,,,,,,,,,,,,,,,,Fertiliser:Nagari NPK (20:10:10)
253,,,100000255,Field-Produce:Other,,,2348069599816,,,,,,,,,,,,,,,,,,,Field-Produce:Other
254,,,100000256,Field-Fertiliser:DAP,,,2348069599816,,,,,,,,,,,,,,,,,,,Field-Fertiliser:DAP
255,,,100000257,Field-Fertiliser:MOP,,,2348069599816,,,,,,,,,,,,,,,,,,,Field-Fertiliser:MOP
256,,,100000258,Field-Fertiliser:SSP,,,2348069599816,,,,,,,,,,,,,,,,,,,Field-Fertiliser:SSP
257,,,100000259,Field-Fertiliser:Urea,,,2348069599816,,,,,,,,,,,,,,,,,,,Field-Fertiliser:Urea
258,,,100000260,Field-Fertiliser:TSP,,,2348069599816,,,,,,,,,,,,,,,,,,,Field-Fertiliser:TSP
259,,,100000261,Field-HarvestService:Bags(100kg),,,2348069599816,,,,,,,,,,,,,,,,,,,Field-HarvestService:Bags(100kg)
260,,,100000263,Field-Seed:Maize(SM15) - 12.5KG,,,2348069599816,,,,,,,,,,,,,,,,,,,Field-Seed:Maize(SM15) - 12.5KG
261,,,100000264,Field-Seed:Rice(Faro 44) - 10KG,,,2348069599816,,,,,,,,,,,,,,,,,,,Field-Seed:Rice(Faro 44) - 10KG
262,,,100000265,Field-Seed:SoyBean(TGX) - 10KG,,,2348069599816,,,,,,,,,,,,,,,,,,,Field-Seed:SoyBean(TGX) - 10KG
263,,,100000266,Field-Thresher Contractor:Harvest Services,,,2348069599816,,,,,,,,,,,,,,,,,,,Field-Thresher Contractor:Harvest Services
264,,,100000267,Capitalized Interest Expense,,,2348069599816,,,,,,,,,,,,,,,,,,,Capitalized Interest Expense
265,,,100000268,Produce:Maize-Scrap Value,,,2348069599816,,,,,,,,,,,,,,,,,,,Produce:Maize-Scrap Value
266,,,100000269,Produce:Rice-Scrap Value,,,2348069599816,,,,,,,,,,,,,,,,,,,Produce:Rice-Scrap Value
267,,,100000270,Produce:SoyBean-Scrap Value,,,2348069599816,,,,,,,,,,,,,,,,,,,Produce:SoyBean-Scrap Value
268,,,100000271,HarvestService:Bags-Scrap Value,,,2348069599816,,,,,,,,,,,,,,,,,,,HarvestService:Bags-Scrap Value
269,,,100000272,Admin:Security Expense,,,2348069599816,,,,,,,,,,,,,,,,,,,Admin:Security Expense
270,,,100000273,Field-AgroChem:Other,,,2348069599816,,,,,,,,,,,,,,,,,,,Field-AgroChem:Other
271,,,100000274,Equipment: Engine Oil-Scrap Value,,,2348069599816,,,,,,,,,,,,,,,,,,,Equipment: Engine Oil-Scrap Value
272,,,100000275,Equipment: Bag Pack,,,2348069599816,,,,,,,,,,,,,,,,,,,Equipment: Bag Pack
273,,,100000276,Equipment: Sampling Bags,,,2348069599816,,,,,,,,,,,,,,,,,,,Equipment: Sampling Bags
274,,,100000277,Admin:Electricity Bill,,,2348069599816,,,,,,,,,,,,,,,,,,,Admin:Electricity Bill
275,,,100000278,Admin:Kitchen Supplies & Utensils,,,2348069599816,,,,,,,,,,,,,,,,,,,Admin:Kitchen Supplies & Utensils
276,,,100000279,Equipment:Fan,,,2348069599816,,,,,,,,,,,,,,,,,,,Equipment:Fan
277,,,100000280,AgroChem:SharpShooter 100ml,,,2348069599816,,,,,,,,,,,,,,,,,,,AgroChem:SharpShooter 100ml
278,,,100000281,Admin: Penalty,,,2348069599816,,,,,,,,,,,,,,,,,,,Admin: Penalty
279,,,100000283,Earned Bonus,,,2348069599816,,,,,,,,,,,,,,,,,,,Earned Bonus
280,,,100000284,Fertiliser:Nagari NPK (15:15:15),,,2348069599816,,,,,,,,,,,,,,,,,,,Fertiliser:Nagari NPK (15:15:15)
281,,,100000285,Cement:Dangote 50kg,,,2348069599816,,,,,,,,,,,,,,,,,,,Cement:Dangote 50kg
282,,,100000286,Cement:Lafarge 50kg,,,2348069599816,,,,,,,,,,,,,,,,,,,Cement:Lafarge 50kg
283,,,100000287,Seasoning:Maggi 25,,,2348069599816,,,,,,,,,,,,,,,,,,,Seasoning:Maggi 25
284,,,100000288,Motorcycle:Bajaj,,,2348069599816,,,,,,,,,,,,,,,,,,,Motorcycle:Bajaj
285,,,100000289,Field-AgroChem:Aflasafe,,,2348069599816,,,,,,,,,,,,,,,,,,,Field-AgroChem:Aflasafe
286,,,100000290,Field-AgroChem:Apron Star,,,2348069599816,,,,,,,,,,,,,,,,,,,Field-AgroChem:Apron Star
287,,,100000291,Field-AgroChem:Atrazine,,,2348069599816,,,,,,,,,,,,,,,,,,,Field-AgroChem:Atrazine
288,,,100000292,Field-AgroChem:Buster,,,2348069599816,,,,,,,,,,,,,,,,,,,Field-AgroChem:Buster
289,,,100000293,Field-AgroChem:Cardinal,,,2348069599816,,,,,,,,,,,,,,,,,,,Field-AgroChem:Cardinal
290,,,100000294,Field-AgroChem:Clot,,,2348069599816,,,,,,,,,,,,,,,,,,,Field-AgroChem:Clot
291,,,100000295,Field-AgroChem:Gramazone,,,2348069599816,,,,,,,,,,,,,,,,,,,Field-AgroChem:Gramazone
292,,,100000296,Field-AgroChem:Innoculant,,,2348069599816,,,,,,,,,,,,,,,,,,,Field-AgroChem:Innoculant
293,,,100000297,Field-AgroChem:Lagon,,,2348069599816,,,,,,,,,,,,,,,,,,,Field-AgroChem:Lagon
294,,,100000298,Field-AgroChem:NoPest,,,2348069599816,,,,,,,,,,,,,,,,,,,Field-AgroChem:NoPest
295,,,100000299,Field-AgroChem:PrimextraGold,,,2348069599816,,,,,,,,,,,,,,,,,,,Field-AgroChem:PrimextraGold
296,,,100000300,Field-AgroChem:Proteus,,,2348069599816,,,,,,,,,,,,,,,,,,,Field-AgroChem:Proteus
297,,,100000301,Field-AgroChem:Rainbow,,,2348069599816,,,,,,,,,,,,,,,,,,,Field-AgroChem:Rainbow
298,,,100000302,Field-AgroChem:Sarosate,,,2348069599816,,,,,,,,,,,,,,,,,,,Field-AgroChem:Sarosate
299,,,100000303,Field-AgroChem:SharpShooter,,,2348069599816,,,,,,,,,,,,,,,,,,,Field-AgroChem:SharpShooter
300,,,100000304,Field-AgroChem:Solito,,,2348069599816,,,,,,,,,,,,,,,,,,,Field-AgroChem:Solito
301,,,100000305,Field-AgroChem:Termakill,,,2348069599816,,,,,,,,,,,,,,,,,,,Field-AgroChem:Termakill
302,,,100000306,Field-AgroChem:Termex,,,2348069599816,,,,,,,,,,,,,,,,,,,Field-AgroChem:Termex
303,,,100000307,Field-AgroChem:Weedoff,,,2348069599816,,,,,,,,,,,,,,,,,,,Field-AgroChem:Weedoff
304,,,100000308,Field-Harvest Service: Needle,,,2348069599816,,,,,,,,,,,,,,,,,,,Field-Harvest Service: Needle
305,,,100000309,Field-Harvest Service: PICSBags,,,2348069599816,,,,,,,,,,,,,,,,,,,Field-Harvest Service: PICSBags
306,,,100000310,Field-Harvest Service: Thread,,,2348069599816,,,,,,,,,,,,,,,,,,,Field-Harvest Service: Thread
307,,,100000311,Field-HarvestService:Bags(12.5kg),,,2348069599816,,,,,,,,,,,,,,,,,,,Field-HarvestService:Bags(12.5kg)
308,,,100000312,Field-HarvestService:Bags(50kg),,,2348069599816,,,,,,,,,,,,,,,,,,,Field-HarvestService:Bags(50kg)
309,,,100000313,Field-Seed:Rice(Faro 44 Foundation) - 10KG,,,2348069599816,,,,,,,,,,,,,,,,,,,Field-Seed:Rice(Faro 44 Foundation) - 10KG
310,,,100000314,Field-Seed:Rice(Faro 44 Foundation) - 1KG,,,2348069599816,,,,,,,,,,,,,,,,,,,Field-Seed:Rice(Faro 44 Foundation) - 1KG
311,,,100000315,Field-Fertiliser:Nagari NPK (15:15:15),,,2348069599816,,,,,,,,,,,,,,,,,,,Field-Fertiliser:Nagari NPK (15:15:15)
312,,,100000316,Field-Fertiliser:Nagari NPK (20:10:10),,,2348069599816,,,,,,,,,,,,,,,,,,,Field-Fertiliser:Nagari NPK (20:10:10)
313,,,100000317,Admin: Legal Services,,,2348069599816,,,,,,,,,,,,,,,,,,,Admin: Legal Services
314,,,100000318,Admin: Soil Testing Services,,,2348069599816,,,,,,,,,,,,,,,,,,,Admin: Soil Testing Services
315,,,100000319,Admin: Grain Testing Services,,,2348069599816,,,,,,,,,,,,,,,,,,,Admin: Grain Testing Services
316,,,100000320,Admin: Port Clearing Services,,,2348069599816,,,,,,,,,,,,,,,,,,,Admin: Port Clearing Services
317,,,100000321,Admin: WayBill Courrier Services,,,2348069599816,,,,,,,,,,,,,,,,,,,Admin: WayBill Courrier Services
318,,,100000322,Personnel Expense:Allowances,,,2348069599816,,,,,,,,,,,,,,,,,,,Personnel Expense:Allowances
319,,,100000323,Admin: Shipping and Logistics,,,2348069599816,,,,,,,,,,,,,,,,,,,Admin: Shipping and Logistics
320,,,100000324,Admin:Board Meeting Expense,,,2348069599816,,,,,,,,,,,,,,,,,,,Admin:Board Meeting Expense
321,,,100000325,Equipment:Container,,,2348069599816,,,,,,,,,,,,,,,,,,,Equipment:Container
322,,,100000326,Rent:Guest House,,,2348069599816,,,,,,,,,,,,,,,,,,,Rent:Guest House
323,,,100000327,Equipment:Inverter,,,2348069599816,,,,,,,,,,,,,,,,,,,Equipment:Inverter
324,,,100000328,Equipment:CMP Building Materials,,,2348069599816,,,,,,,,,,,,,,,,,,,Equipment:CMP Building Materials
325,,,100000329,Repairs and Maintenance: Electronics,,,2348069599816,,,,,,,,,,,,,,,,,,,Repairs and Maintenance: Electronics
326,,,100000330,Repairs and Maintenance: Equipments,,,2348069599816,,,,,,,,,,,,,,,,,,,Repairs and Maintenance: Equipments
327,,,100000331,Printing and Stationery:Stamp Pads,,,2348069599816,,,,,,,,,,,,,,,,,,,Printing and Stationery:Stamp Pads
328,,,100000332,AgroChem:SharpShooter 500ml,,,2348069599816,,,,,,,,,,,,,,,,,,,AgroChem:SharpShooter 500ml
329,,,100000333,AgroChem:Termex 250ml,,,2348069599816,,,,,,,,,,,,,,,,,,,AgroChem:Termex 250ml
330,,,100000334,Adjustment to Opening Cash Balance,,,2348069599816,,,,,,,,,,,,,,,,,,,Adjustment to Opening Cash Balance
331,,,100000335,Failed Bank Transaction Reversal ,,,2348069599816,,,,,,,,,,,,,,,,,,,Failed Bank Transaction Reversal 
332,,,100000336,Admin: Subscription,,,2348069599816,,,,,,,,,,,,,,,,,,,Admin: Subscription
333,,,100000337,Travel: Travelling Expenses,,,2348069599816,,,,,,,,,,,,,,,,,,,Travel: Travelling Expenses
334,,,100000338,Equipment: Solar Power Services-Mnth 1,,,2348069599816,,,,,,,,,,,,,,,,,,,Equipment: Solar Power Services-Mnth 1
335,,,100000339,Equipment: Solar Power Services-Mnth 2,,,2348069599816,,,,,,,,,,,,,,,,,,,Equipment: Solar Power Services-Mnth 2
336,,,100000340,Equipment: Solar Power Services-Mnth 3,,,2348069599816,,,,,,,,,,,,,,,,,,,Equipment: Solar Power Services-Mnth 3
337,,,100000341,Equipment: Solar Power Services-Mnth 4,,,2348069599816,,,,,,,,,,,,,,,,,,,Equipment: Solar Power Services-Mnth 4
338,,,100000342,Equipment: Solar Power Services-Mnth 5,,,2348069599816,,,,,,,,,,,,,,,,,,,Equipment: Solar Power Services-Mnth 5
339,,,100000343,Equipment: Solar Power Services-Mnth 6,,,2348069599816,,,,,,,,,,,,,,,,,,,Equipment: Solar Power Services-Mnth 6
340,,,100000344,Equipment: Solar Power Services-Mnth 7,,,2348069599816,,,,,,,,,,,,,,,,,,,Equipment: Solar Power Services-Mnth 7
341,,,100000345,Equipment: Solar Power Services-Mnth 8,,,2348069599816,,,,,,,,,,,,,,,,,,,Equipment: Solar Power Services-Mnth 8
342,,,100000346,Equipment: Solar Power Services-Mnth 9,,,2348069599816,,,,,,,,,,,,,,,,,,,Equipment: Solar Power Services-Mnth 9
343,,,100000347,Equipment: Solar Power Services-Mnth 10,,,2348069599816,,,,,,,,,,,,,,,,,,,Equipment: Solar Power Services-Mnth 10
344,,,100000348,Equipment: Solar Power Services-Mnth 11,,,2348069599816,,,,,,,,,,,,,,,,,,,Equipment: Solar Power Services-Mnth 11
345,,,100000349,Equipment: Solar Power Services-Mnth 12,,,2348069599816,,,,,,,,,,,,,,,,,,,Equipment: Solar Power Services-Mnth 12
346,,,100000350,FMCG:Cowbell Milk,,,2348069599816,,,,,,,,,,,,,,,,,,,FMCG:Cowbell Milk
347,,,100000351,FMCG:Cowbell Coffee Milk,,,2348069599816,,,,,,,,,,,,,,,,,,,FMCG:Cowbell Coffee Milk
348,,,100000352,FMCG:Miksi,,,2348069599816,,,,,,,,,,,,,,,,,,,FMCG:Miksi
349,,,100000353,FMCG:Cowbell Choco,,,2348069599816,,,,,,,,,,,,,,,,,,,FMCG:Cowbell Choco
350,,,100000354,FMCG:Onga Cube,,,2348069599816,,,,,,,,,,,,,,,,,,,FMCG:Onga Cube
351,,,100000355,FMCG:Onga Classic Powder,,,2348069599816,,,,,,,,,,,,,,,,,,,FMCG:Onga Classic Powder
352,,,100000356,FMCG:Top Tea,,,2348069599816,,,,,,,,,,,,,,,,,,,FMCG:Top Tea
353,,,100000357,FMCG:Dangote Sugar,,,2348069599816,,,,,,,,,,,,,,,,,,,FMCG:Dangote Sugar
354,,,100000358,FMCG:Dangote All Purpose Flour,,,2348069599816,,,,,,,,,,,,,,,,,,,FMCG:Dangote All Purpose Flour
355,,,100000359,FMCG:Dangote Spaghetti (Slim),,,2348069599816,,,,,,,,,,,,,,,,,,,FMCG:Dangote Spaghetti (Slim)
356,,,100000360,FMCG:Dangote Macaroni,,,2348069599816,,,,,,,,,,,,,,,,,,,FMCG:Dangote Macaroni
357,,,100000361,FMCG:Dangote Salt,,,2348069599816,,,,,,,,,,,,,,,,,,,FMCG:Dangote Salt
358,,,100000362,Non-Float,,,2348069599816,,,,,,,,,,,,,,,,,,,Non-Float
359,,,100000363,Motorcycle:Bajaj-Scrap,,,2348069599816,,,,,,,,,,,,,,,,,,,Motorcycle:Bajaj-Scrap
360,,,100000364,Motorcycle:Tricycle-Scrap,,,2348069599816,,,,,,,,,,,,,,,,,,,Motorcycle:Tricycle-Scrap
361,,,100000365,Equipment: Solar Power Services- Set up,,,2348069599816,,,,,,,,,,,,,,,,,,,Equipment: Solar Power Services- Set up
362,,,100000366,Equipment:Phone2,,,2348069599816,,,,,,,,,,,,,,,,,,,Equipment:Phone2
363,,,100000367,Equipment:Phone3,,,2348069599816,,,,,,,,,,,,,,,,,,,Equipment:Phone3
364,,,100000368,Equipment:Phone4,,,2348069599816,,,,,,,,,,,,,,,,,,,Equipment:Phone4
365,,,100000369,Fertiliser:Urea-Indorama,,,2348069599816,,,,,,,,,,,,,,,,,,,Fertiliser:Urea-Indorama
366,,,100000370,Equipment:Phone Tecno T-350,,,2348069599816,,,,,,,,,,,,,,,,,,,Equipment:Phone Tecno T-350
367,,,100000371,Equipment:Phone Tecno W2,,,2348069599816,,,,,,,,,,,,,,,,,,,Equipment:Phone Tecno W2
368,,,100000372,Equipment:Phone Itel 2090,,,2348069599816,,,,,,,,,,,,,,,,,,,Equipment:Phone Itel 2090
369,,,100000373,FMCG:Indomie Chicken ,,,2348069599816,,,,,,,,,,,,,,,,,,,FMCG:Indomie Chicken 
370,,,100000374,FMCG:Indomie Chicken Pepper Soup,,,2348069599816,,,,,,,,,,,,,,,,,,,FMCG:Indomie Chicken Pepper Soup
371,,,100000375,FMCG:Hypo Bleach,,,2348069599816,,,,,,,,,,,,,,,,,,,FMCG:Hypo Bleach
372,,,100000376,FMCG:Power Oil,,,2348069599816,,,,,,,,,,,,,,,,,,,FMCG:Power Oil
373,,,100000377,FMCG:Minimie Chin Chin,,,2348069599816,,,,,,,,,,,,,,,,,,,FMCG:Minimie Chin Chin
374,,,100000378,FMCG:BUA Flour,,,2348069599816,,,,,,,,,,,,,,,,,,,FMCG:BUA Flour
375,,,100000379,FMCG:BUA Spaghetti,,,2348069599816,,,,,,,,,,,,,,,,,,,FMCG:BUA Spaghetti
376,,,100000380,FMCG:BUA Macaroni,,,2348069599816,,,,,,,,,,,,,,,,,,,FMCG:BUA Macaroni
377,,,100000381,FMCG:Onga Stew,,,2348069599816,,,,,,,,,,,,,,,,,,,FMCG:Onga Stew
378,,,100000382,Equipment: Scrap Other Equipment,,,2348069599816,,,,,,,,,,,,,,,,,,,Equipment: Scrap Other Equipment
379,,,100000383,Produce:Maize-C-White(50kg),,,2348069599816,,,,,,,,,,,,,,,,,,,Produce:Maize-C-White(50kg)
380,,,100000384,Produce:Maize-C-Yellow(50kg),,,2348069599816,,,,,,,,,,,,,,,,,,,Produce:Maize-C-Yellow(50kg)
381,,,100000385,Seed:Rice(Faro 61) - 1KG,,,2348069599816,,,,,,,,,,,,,,,,,,,Seed:Rice(Faro 61) - 1KG
382,,,100000386,Seed:Maize(Seedco) - 1KG,,,2348069599816,,,,,,,,,,,,,,,,,,,Seed:Maize(Seedco) - 1KG
383,,,100000387,Seed:Maize(Pioneer) - 1KG,,,2348069599816,,,,,,,,,,,,,,,,,,,Seed:Maize(Pioneer) - 1KG
384,,,100000388,Seasoning:Maggi 4g (100x21),,,2348069599816,,,,,,,,,,,,,,,,,,,Seasoning:Maggi 4g (100x21)
385,,,100000389,Labour:Loading-Offloading,,,2348069599816,,,,,,,,,,,,,,,,,,,Labour:Loading-Offloading
386,,,100000390,Equipment:UPS,,,2348069599816,,,,,,,,,,,,,,,,,,,Equipment:UPS
387,,,100000391,Equipment:Securiy Posts,,,2348069599816,,,,,,,,,,,,,,,,,,,Equipment:Securiy Posts
388,,,100000392,Labour:Cleaning - Scalling,,,2348069599816,,,,,,,,,,,,,,,,,,,Labour:Cleaning - Scalling
389,,,100000393,Labour:Cleaning - Winnowing,,,2348069599816,,,,,,,,,,,,,,,,,,,Labour:Cleaning - Winnowing
390,,,100000394,Labour:Cleaning - Sewing,,,2348069599816,,,,,,,,,,,,,,,,,,,Labour:Cleaning - Sewing
391,,,100000395,Labour:Cleaning - Rebagging,,,2348069599816,,,,,,,,,,,,,,,,,,,Labour:Cleaning - Rebagging
